{
	"templateName": "property-template",
	"devices": [{
			"name": "Agent_x86_2",
			"credential": [{
				"key": "Serial Number",
				"value": "VMware-56 4d fa a4 78 fa f2 88-24 3a 14 11 7d bd b8 b6"
			}],
			"property": [{
				"name": "model",
				"value": "Dell5K",
				"isUnique": false
			}, {
				"name": "color",
				"value": "white",
				"isUnique": false
			}]
		},
		{
			"name": "Agent_x86_3",
			"credential": [{
				"key": "Serial Number",
				"value": "VMware-56 4d 13 fb cc 73 82 2e-08 5d b1 c1 38 bf 1d 23"
			}],
			"property": [{
				"name": "model",
				"value": "RPi3b",
				"isUnique": false
			}]
		}
	]
}
